complaint_id,date_filed,state,city,victim_name,fraud_type,phone_used_by_fraudster,upi_id,bank_account,ifsc_code,amount_lost_inr,mo_description
CMP-00072,2026-02-12,Madhya Pradesh,Bhopal,Vikram Chauhan,Digital Arrest Scam,+919509426483,user77570@ibl,43666585408,HDFC0665492,52941,"Fraudster posing as courier company called from +919509426483 claiming a parcel was seized, demanded payment to account 43666585408."
CMP-00281,2026-04-28,Madhya Pradesh,Gwalior,Raj Sharma,KYC Update Scam,+919505030766,user60121@ybl,88565694083,BARB0550268,281855,"Victim received video call from person claiming to be CBI officer, threatened digital arrest, asked for transfer to 88565694083 via IFSC BARB0550268."
CMP-00237,2026-06-23,Karnataka,Mysuru,Sanjay Iyer,Investment/Trading Scam,+918483545645,user33919@ybl,27937450959,KKBK0713110,166643,Victim received a call from +918483545645 claiming to be from SBI bank asking to verify KYC via UPI PIN.
CMP-00200,2026-04-03,Gujarat,Rajkot,Neha Iyer,Digital Arrest Scam,+917342548722,user52520@okaxis,28474015041,ICIC0459731,53182,"Victim clicked on a loan app link, after taking small loan started receiving harassment calls from +917342548722 for repayment to user52520@okaxis."
CMP-00222,2026-05-19,Bihar,Gaya,Suresh Mehta,UPI Fraud - Fake QR Code,+919112221042,user35480@ibl,86874360740,PUNB0398761,320204,"Fake online store took payment via user35480@ibl but never delivered product, seller phone +919112221042 now unreachable."
CMP-00188,2026-07-17,Uttar Pradesh,Ghaziabad,Priya Yadav,Digital Arrest Scam,+917608699088,user69994@okhdfcbank,20929108437,PUNB0409727,82856,"Fake online store took payment via user69994@okhdfcbank but never delivered product, seller phone +917608699088 now unreachable."
CMP-00310,2026-05-31,Maharashtra,Pune,Raj Reddy,Investment/Trading Scam,+917569477350,user22258@okaxis,64399694490,PUNB0377075,246491,"Victim clicked on a loan app link, after taking small loan started receiving harassment calls from +917569477350 for repayment to user22258@okaxis."
CMP-00304,2026-05-22,Telangana,Warangal,Neha Kapoor,Sextortion,+919762581802,user98150@okicici,80779231134,HDFC0310647,354517,"Fake online store took payment via user98150@okicici but never delivered product, seller phone +919762581802 now unreachable."
CMP-00127,2026-05-06,Karnataka,Hubli,Simran Nair,Online Shopping Fraud,+917968750173,user55687@okicici,64278933456,BARB0565471,145946,Victim received a call from +917968750173 claiming to be from ICICI bank asking to verify KYC via UPI PIN.
CMP-00068,2026-02-15,Madhya Pradesh,Gwalior,Raj Kapoor,Digital Arrest Scam,+918592419071,user77570@ibl,43666585408,KKBK0865388,423859,"Fraudster posing as courier company called from +918592419071 claiming a parcel was seized, demanded payment to account 43666585408."
CMP-00254,2026-04-30,Bihar,Patna,Anita Desai,Fake Job Offer Fraud,+918478719661,user91814@paytm,12442219677,ICIC0209812,41322,Victim was added to a Telegram investment group and asked to transfer funds to UPI ID user91814@paytm for 'guaranteed returns'.
CMP-00186,2026-05-08,Rajasthan,Jodhpur,Amit Patel,Matrimonial Fraud,+919218580852,user43959@okicici,27948790854,BARB0859340,231160,"Fake online store took payment via user43959@okicici but never delivered product, seller phone +919218580852 now unreachable."
CMP-00135,2026-06-08,Telangana,Hyderabad,Neha Mehta,Investment/Trading Scam,+919515826912,user54374@okaxis,25656307931,HDFC0418897,471198,"Fraudster posing as courier company called from +919515826912 claiming a parcel was seized, demanded payment to account 25656307931."
CMP-00039,2026-04-22,West Bengal,Howrah,Rekha Mehta,Loan App Harassment,+919147775435,user37127@ybl,84560027313,HDFC0245051,399496,Victim was added to a Telegram investment group and asked to transfer funds to UPI ID user37127@ybl for 'guaranteed returns'.
CMP-00066,2026-04-16,Madhya Pradesh,Bhopal,Vikram Gupta,Digital Arrest Scam,+918592419071,user77570@ibl,43666585408,KKBK0865388,280484,"Fraudster posing as courier company called from +918592419071 claiming a parcel was seized, demanded payment to account 43666585408."
CMP-00049,2026-05-24,Uttar Pradesh,Ghaziabad,Sanjay Patel,Loan App Harassment,+917500892240,user91197@okhdfcbank,59509760584,PUNB0363626,362387,"Fake online store took payment via user91197@okhdfcbank but never delivered product, seller phone +917500892240 now unreachable."
CMP-00257,2026-06-13,Madhya Pradesh,Bhopal,Anita Chauhan,Loan App Harassment,+918182310500,user53721@paytm,94771186296,PUNB0603660,154993,Victim received a call from +918182310500 claiming to be from HDFC bank asking to verify KYC via UPI PIN.
CMP-00157,2026-06-24,Karnataka,Mysuru,Sanjay Chauhan,Loan App Harassment,+918488894058,user65677@okhdfcbank,27641394238,UTIB0386090,136880,"Fraudster posing as courier company called from +918488894058 claiming a parcel was seized, demanded payment to account 27641394238."
CMP-00274,2026-06-04,Karnataka,Mysuru,Amit Rao,Investment/Trading Scam,+919099152616,user98245@paytm,93863531123,BARB0413305,451480,"Victim clicked on a loan app link, after taking small loan started receiving harassment calls from +919099152616 for repayment to user98245@paytm."
CMP-00091,2026-07-22,West Bengal,Howrah,Pooja Joshi,Digital Arrest Scam,+917317696374,user57816@okicici,17532311310,HDFC0300896,165813,"Fake online store took payment via user57816@okicici but never delivered product, seller phone +917317696374 now unreachable."
CMP-00205,2026-05-18,West Bengal,Kolkata,Sneha Verma,Loan App Harassment,+919666498288,user82248@ibl,85191001735,BARB0240454,197719,Victim was added to a Telegram investment group and asked to transfer funds to UPI ID user82248@ibl for 'guaranteed returns'.
CMP-00238,2026-02-10,Uttar Pradesh,Lucknow,Pooja Singh,Loan App Harassment,+918756156961,user88836@okhdfcbank,49597514616,ICIC0993892,371468,Victim was added to a Telegram investment group and asked to transfer funds to UPI ID user88836@okhdfcbank for 'guaranteed returns'.
CMP-00107,2026-03-29,Bihar,Muzaffarpur,Vikram Sharma,Online Shopping Fraud,+918591373092,user26858@okaxis,43941889393,KKBK0682765,238203,"Victim received video call from person claiming to be CBI officer, threatened digital arrest, asked for transfer to 43941889393 via IFSC KKBK0682765."
CMP-00208,2026-05-26,Uttar Pradesh,Ghaziabad,Kavita Mehta,OTP Fraud,+918361968176,user60031@okaxis,82133136428,KKBK0898025,153346,Victim received a call from +918361968176 claiming to be from HDFC bank asking to verify KYC via UPI PIN.
CMP-00044,2026-04-14,Delhi,Rohini,Ravi Verma,Loan App Harassment,+917500892240,user91197@okhdfcbank,59509760584,PUNB0112038,28936,"Victim received video call from person claiming to be CBI officer, threatened digital arrest, asked for transfer to 59509760584 via IFSC PUNB0112038."
CMP-00223,2026-03-05,Telangana,Hyderabad,Priya Mehta,Online Shopping Fraud,+919450561347,user40292@okaxis,40631381642,UTIB0218220,467947,"Fake online store took payment via user40292@okaxis but never delivered product, seller phone +919450561347 now unreachable."
CMP-00221,2026-04-17,Madhya Pradesh,Indore,Ravi Rao,KYC Update Scam,+919018799989,user55337@okaxis,22250337960,KKBK0229139,75311,"Fraudster posing as courier company called from +919018799989 claiming a parcel was seized, demanded payment to account 22250337960."
CMP-00292,2026-07-09,Uttar Pradesh,Ghaziabad,Divya Kapoor,UPI Fraud - Fake QR Code,+917890760556,user80671@okhdfcbank,93955675121,HDFC0218548,311723,Victim was added to a Telegram investment group and asked to transfer funds to UPI ID user80671@okhdfcbank for 'guaranteed returns'.
CMP-00300,2026-04-26,Karnataka,Hubli,Suresh Iyer,Digital Arrest Scam,+917348316000,user26873@ybl,62214849044,ICIC0740524,434303,Victim received a call from +917348316000 claiming to be from HDFC bank asking to verify KYC via UPI PIN.
CMP-00045,2026-02-24,Maharashtra,Nashik,Amit Verma,Loan App Harassment,+917500892240,user91197@okhdfcbank,59509760584,PUNB0112038,80222,"Victim clicked on a loan app link, after taking small loan started receiving harassment calls from +917500892240 for repayment to user91197@okhdfcbank."
CMP-00283,2026-03-23,Maharashtra,Nashik,Ravi Nair,Matrimonial Fraud,+918649387158,user41331@okaxis,15420192227,ICIC0578073,467554,"Victim clicked on a loan app link, after taking small loan started receiving harassment calls from +918649387158 for repayment to user41331@okaxis."
CMP-00103,2026-05-31,Rajasthan,Jaipur,Suresh Verma,Digital Arrest Scam,+917601246509,user92780@okaxis,93680451872,SBIN0890170,317830,Victim was added to a Telegram investment group and asked to transfer funds to UPI ID user92780@okaxis for 'guaranteed returns'.
CMP-00246,2026-07-28,Bihar,Muzaffarpur,Neha Joshi,Fake Job Offer Fraud,+919773860911,user46332@ybl,40736212983,ICIC0945372,297492,"Victim clicked on a loan app link, after taking small loan started receiving harassment calls from +919773860911 for repayment to user46332@ybl."
CMP-00084,2026-07-19,Gujarat,Surat,Rekha Iyer,KYC Update Scam,+919966814117,user17275@ybl,79242068763,UTIB0946721,409904,Victim received a call from +919966814117 claiming to be from PNB bank asking to verify KYC via UPI PIN.
CMP-00224,2026-07-31,Gujarat,Vadodara,Arjun Patel,Online Shopping Fraud,+918037027299,user49682@okhdfcbank,56686645526,BARB0281162,9231,Victim received a call from +918037027299 claiming to be from Kotak bank asking to verify KYC via UPI PIN.
CMP-00074,2026-06-29,Telangana,Warangal,Kavita Singh,UPI Fraud - Fake QR Code,+918223667422,user33018@paytm,85336456621,SBIN0842225,356588,Victim received a call from +918223667422 claiming to be from Axis bank asking to verify KYC via UPI PIN.
CMP-00266,2026-04-13,Gujarat,Vadodara,Ravi Yadav,OTP Fraud,+919678449722,user41845@okhdfcbank,99835354265,SBIN0339030,384100,"Fake online store took payment via user41845@okhdfcbank but never delivered product, seller phone +919678449722 now unreachable."
CMP-00201,2026-06-23,West Bengal,Howrah,Kavita Mehta,Loan App Harassment,+918045018804,user40715@okicici,24124250578,KKBK0459743,93463,"Fake online store took payment via user40715@okicici but never delivered product, seller phone +918045018804 now unreachable."
CMP-00134,2026-03-25,West Bengal,Howrah,Neha Verma,Online Shopping Fraud,+919520363665,user94383@okaxis,26440405868,BARB0177767,462303,"Fake online store took payment via user94383@okaxis but never delivered product, seller phone +919520363665 now unreachable."
CMP-00187,2026-04-01,Bihar,Patna,Kavita Reddy,OTP Fraud,+918116089320,user88788@ibl,60930598266,ICIC0131064,291951,"Victim received video call from person claiming to be CBI officer, threatened digital arrest, asked for transfer to 60930598266 via IFSC ICIC0131064."
CMP-00149,2026-07-20,Maharashtra,Pune,Vikram Mehta,Sextortion,+917062067807,user42163@ybl,62841419015,HDFC0530311,110706,"Victim received video call from person claiming to be CBI officer, threatened digital arrest, asked for transfer to 62841419015 via IFSC HDFC0530311."
CMP-00202,2026-07-28,Telangana,Hyderabad,Simran Kapoor,KYC Update Scam,+918084583380,user53669@ybl,61776199993,HDFC0295440,105454,"Victim received video call from person claiming to be CBI officer, threatened digital arrest, asked for transfer to 61776199993 via IFSC HDFC0295440."
CMP-00215,2026-07-02,Telangana,Warangal,Arjun Singh,Matrimonial Fraud,+917713766314,user94437@okhdfcbank,44446673808,KKBK0397368,256456,"Victim clicked on a loan app link, after taking small loan started receiving harassment calls from +917713766314 for repayment to user94437@okhdfcbank."
CMP-00088,2026-04-21,West Bengal,Howrah,Ravi Singh,Digital Arrest Scam,+917317696374,user46264@okhdfcbank,17532311310,HDFC0300896,239764,Victim was added to a Telegram investment group and asked to transfer funds to UPI ID user46264@okhdfcbank for 'guaranteed returns'.
CMP-00016,2026-05-31,Delhi,Dwarka,Amit Desai,Fake Job Offer Fraud,+919346295181,user92810@ybl,53398362082,UTIB0201414,230619,Victim was added to a Telegram investment group and asked to transfer funds to UPI ID user92810@ybl for 'guaranteed returns'.
CMP-00093,2026-05-27,Delhi,Rohini,Pooja Kapoor,Digital Arrest Scam,+917317696374,user57816@okicici,17532311310,HDFC0300896,180165,Victim was added to a Telegram investment group and asked to transfer funds to UPI ID user57816@okicici for 'guaranteed returns'.
CMP-00154,2026-02-11,Bihar,Patna,Vikram Sharma,Online Shopping Fraud,+917166397796,user64338@okicici,39156361897,SBIN0533377,290543,Victim received a call from +917166397796 claiming to be from ICICI bank asking to verify KYC via UPI PIN.
CMP-00070,2026-03-11,Madhya Pradesh,Indore,Neha Joshi,Digital Arrest Scam,+918592419071,user77570@ibl,43666585408,HDFC0665492,157122,"Victim received video call from person claiming to be CBI officer, threatened digital arrest, asked for transfer to 43666585408 via IFSC HDFC0665492."
CMP-00024,2026-06-02,Bihar,Muzaffarpur,Manoj Rao,Digital Arrest Scam,+918245546434,user47955@ybl,99833953718,PUNB0864544,409725,"Fraudster posing as courier company called from +918245546434 claiming a parcel was seized, demanded payment to account 99833953718."
CMP-00094,2026-02-23,Delhi,New Delhi,Raj Patel,Digital Arrest Scam,+917317696374,user46264@okhdfcbank,17532311310,KKBK0214576,393177,"Fake online store took payment via user46264@okhdfcbank but never delivered product, seller phone +917317696374 now unreachable."
CMP-00006,2026-07-01,Bihar,Muzaffarpur,Manoj Patel,Digital Arrest Scam,+917802439256,user85423@okicici,85553035110,SBIN0198246,468465,Victim received a call from +917802439256 claiming to be from Bank of Baroda bank asking to verify KYC via UPI PIN.
CMP-00253,2026-04-04,Maharashtra,Mumbai,Arjun Chauhan,KYC Update Scam,+917157760585,user54863@ybl,62629442753,UTIB0468292,399537,Victim received a call from +917157760585 claiming to be from PNB bank asking to verify KYC via UPI PIN.
CMP-00131,2026-04-13,West Bengal,Kolkata,Priya Rao,Investment/Trading Scam,+919004947431,user81072@ybl,25245737277,KKBK0177649,359527,"Fake online store took payment via user81072@ybl but never delivered product, seller phone +919004947431 now unreachable."
CMP-00146,2026-03-27,Telangana,Hyderabad,Meena Iyer,Fake Job Offer Fraud,+918074690356,user42630@okhdfcbank,88893838119,KKBK0413769,373583,"Victim clicked on a loan app link, after taking small loan started receiving harassment calls from +918074690356 for repayment to user42630@okhdfcbank."
CMP-00126,2026-05-21,West Bengal,Howrah,Ravi Patel,Investment/Trading Scam,+918203778062,user37320@okicici,64184747224,UTIB0731718,43979,"Victim clicked on a loan app link, after taking small loan started receiving harassment calls from +918203778062 for repayment to user37320@okicici."
CMP-00285,2026-07-23,Maharashtra,Nagpur,Sneha Chauhan,UPI Fraud - Fake QR Code,+919330195267,user91114@okhdfcbank,91374651533,KKBK0660708,440367,"Victim clicked on a loan app link, after taking small loan started receiving harassment calls from +919330195267 for repayment to user91114@okhdfcbank."
CMP-00258,2026-06-18,Maharashtra,Nashik,Neha Kapoor,Matrimonial Fraud,+919764825139,user41560@okhdfcbank,72809786356,ICIC0195563,201987,"Victim received video call from person claiming to be CBI officer, threatened digital arrest, asked for transfer to 72809786356 via IFSC ICIC0195563."
CMP-00064,2026-05-12,West Bengal,Kolkata,Meena Nair,Loan App Harassment,+918767479514,user71351@okhdfcbank,24489747629,HDFC0694916,168021,Victim received a call from +918767479514 claiming to be from Bank of Baroda bank asking to verify KYC via UPI PIN.
CMP-00038,2026-02-14,West Bengal,Kolkata,Ajay Reddy,Sextortion,+919097183000,user80151@okaxis,14964411347,SBIN0321231,17047,"Victim clicked on a loan app link, after taking small loan started receiving harassment calls from +919097183000 for repayment to user80151@okaxis."
CMP-00164,2026-07-30,Gujarat,Rajkot,Ajay Yadav,OTP Fraud,+917432377272,user52568@ibl,17700003920,UTIB0805448,430056,"Fake online store took payment via user52568@ibl but never delivered product, seller phone +917432377272 now unreachable."
CMP-00090,2026-05-01,Bihar,Patna,Vikram Mehta,Digital Arrest Scam,+917317696374,user46264@okhdfcbank,17532311310,HDFC0300896,33447,"Fake online store took payment via user46264@okhdfcbank but never delivered product, seller phone +917317696374 now unreachable."
CMP-00015,2026-04-15,Telangana,Hyderabad,Neha Desai,Fake Job Offer Fraud,+918839036062,user65863@ybl,29331191390,SBIN0197251,414314,"Victim clicked on a loan app link, after taking small loan started receiving harassment calls from +918839036062 for repayment to user65863@ybl."
CMP-00174,2026-08-01,Rajasthan,Jaipur,Suresh Kapoor,Fake Job Offer Fraud,+919862619539,user29285@okicici,95700061135,HDFC0602681,101627,"Fraudster posing as courier company called from +919862619539 claiming a parcel was seized, demanded payment to account 95700061135."
CMP-00172,2026-04-21,Delhi,Dwarka,Divya Mehta,UPI Fraud - Fake QR Code,+917602580507,user58440@ybl,48859754807,HDFC0944917,279868,"Victim clicked on a loan app link, after taking small loan started receiving harassment calls from +917602580507 for repayment to user58440@ybl."
CMP-00297,2026-07-26,Rajasthan,Jodhpur,Meena Mehta,KYC Update Scam,+917288475333,user55750@okaxis,73900194244,BARB0118632,2088,"Victim received video call from person claiming to be CBI officer, threatened digital arrest, asked for transfer to 73900194244 via IFSC BARB0118632."
CMP-00130,2026-07-05,Karnataka,Mysuru,Manoj Rao,KYC Update Scam,+918030195139,user38541@okaxis,13889924866,HDFC0623285,138466,"Victim clicked on a loan app link, after taking small loan started receiving harassment calls from +918030195139 for repayment to user38541@okaxis."
CMP-00177,2026-06-07,Bihar,Muzaffarpur,Ajay Joshi,Digital Arrest Scam,+917478112125,user36780@ibl,84873106931,UTIB0409531,438922,"Fraudster posing as courier company called from +917478112125 claiming a parcel was seized, demanded payment to account 84873106931."
CMP-00255,2026-07-22,Telangana,Hyderabad,Sneha Reddy,KYC Update Scam,+918107387860,user72871@okicici,13563129902,BARB0273012,109767,Victim was added to a Telegram investment group and asked to transfer funds to UPI ID user72871@okicici for 'guaranteed returns'.
CMP-00302,2026-07-03,West Bengal,Kolkata,Sneha Nair,Sextortion,+918737816366,user66665@ibl,71645818292,KKBK0285810,346730,Victim was added to a Telegram investment group and asked to transfer funds to UPI ID user66665@ibl for 'guaranteed returns'.
CMP-00052,2026-03-03,West Bengal,Howrah,Manoj Sharma,Loan App Harassment,+917500892240,user91197@okhdfcbank,59509760584,PUNB0112038,49881,"Fraudster posing as courier company called from +917500892240 claiming a parcel was seized, demanded payment to account 59509760584."
CMP-00260,2026-06-05,Karnataka,Hubli,Rekha Yadav,Online Shopping Fraud,+918356587296,user33280@okaxis,59978755907,PUNB0538967,43395,"Victim clicked on a loan app link, after taking small loan started receiving harassment calls from +918356587296 for repayment to user33280@okaxis."
CMP-00182,2026-02-07,Bihar,Muzaffarpur,Kavita Yadav,Sextortion,+918725043084,user93455@paytm,60184846271,ICIC0525750,360634,Victim was added to a Telegram investment group and asked to transfer funds to UPI ID user93455@paytm for 'guaranteed returns'.
CMP-00171,2026-02-07,Rajasthan,Jaipur,Divya Nair,Matrimonial Fraud,+919051298965,user53781@okhdfcbank,16469812603,BARB0803953,80233,"Fraudster posing as courier company called from +919051298965 claiming a parcel was seized, demanded payment to account 16469812603."
CMP-00115,2026-05-02,Bihar,Gaya,Arjun Iyer,Online Shopping Fraud,+919000747346,user87067@ybl,78356805216,ICIC0947903,244053,Victim was added to a Telegram investment group and asked to transfer funds to UPI ID user87067@ybl for 'guaranteed returns'.
CMP-00234,2026-05-18,Uttar Pradesh,Lucknow,Sneha Gupta,KYC Update Scam,+917763480981,user45491@okicici,11459722166,SBIN0895794,279775,"Fake online store took payment via user45491@okicici but never delivered product, seller phone +917763480981 now unreachable."
CMP-00305,2026-04-04,Madhya Pradesh,Gwalior,Arjun Joshi,Fake Job Offer Fraud,+919130233306,user61579@okicici,91446154387,BARB0221011,496232,"Victim clicked on a loan app link, after taking small loan started receiving harassment calls from +919130233306 for repayment to user61579@okicici."
CMP-00197,2026-02-22,Rajasthan,Jodhpur,Priya Patel,Matrimonial Fraud,+918751076402,user99098@okhdfcbank,79139476288,KKBK0476993,405153,"Victim clicked on a loan app link, after taking small loan started receiving harassment calls from +918751076402 for repayment to user99098@okhdfcbank."
CMP-00069,2026-05-20,Madhya Pradesh,Indore,Divya Desai,Digital Arrest Scam,+919509426483,user77570@ibl,43666585408,KKBK0865388,133123,"Victim clicked on a loan app link, after taking small loan started receiving harassment calls from +919509426483 for repayment to user77570@ibl."
CMP-00251,2026-07-16,Rajasthan,Jaipur,Kavita Reddy,Fake Job Offer Fraud,+917596688956,user42588@ybl,91707254955,SBIN0620287,169519,"Fake online store took payment via user42588@ybl but never delivered product, seller phone +917596688956 now unreachable."
CMP-00097,2026-07-06,Bihar,Muzaffarpur,Neha Nair,Digital Arrest Scam,+917317696374,user57816@okicici,17532311310,KKBK0214576,60138,"Victim clicked on a loan app link, after taking small loan started receiving harassment calls from +917317696374 for repayment to user57816@okicici."
CMP-00212,2026-05-26,Rajasthan,Jaipur,Vikram Desai,KYC Update Scam,+918060548356,user39683@paytm,75829392084,KKBK0199850,456074,Victim received a call from +918060548356 claiming to be from HDFC bank asking to verify KYC via UPI PIN.
CMP-00193,2026-05-20,Uttar Pradesh,Noida,Ravi Joshi,Sextortion,+919757791289,user48952@okhdfcbank,52562370643,KKBK0963539,498646,Victim was added to a Telegram investment group and asked to transfer funds to UPI ID user48952@okhdfcbank for 'guaranteed returns'.
CMP-00273,2026-02-10,Telangana,Warangal,Sneha Iyer,OTP Fraud,+918915223410,user10775@okicici,57702859986,BARB0722615,35469,"Fraudster posing as courier company called from +918915223410 claiming a parcel was seized, demanded payment to account 57702859986."
CMP-00203,2026-07-09,West Bengal,Howrah,Meena Verma,Loan App Harassment,+918274110583,user82137@ybl,45907803348,BARB0948014,193780,"Victim clicked on a loan app link, after taking small loan started receiving harassment calls from +918274110583 for repayment to user82137@ybl."
CMP-00144,2026-03-15,Uttar Pradesh,Ghaziabad,Neha Rao,Fake Job Offer Fraud,+919504782070,user38689@okicici,88227572362,HDFC0201377,77637,"Fraudster posing as courier company called from +919504782070 claiming a parcel was seized, demanded payment to account 88227572362."
CMP-00071,2026-07-23,Madhya Pradesh,Bhopal,Simran Desai,Digital Arrest Scam,+919509426483,user77570@ibl,43666585408,HDFC0665492,262428,"Fake online store took payment via user77570@ibl but never delivered product, seller phone +919509426483 now unreachable."
CMP-00236,2026-05-16,Madhya Pradesh,Gwalior,Ajay Desai,OTP Fraud,+919686861688,user17685@ibl,17567059305,BARB0237057,438155,"Fraudster posing as courier company called from +919686861688 claiming a parcel was seized, demanded payment to account 17567059305."
CMP-00117,2026-04-11,Telangana,Hyderabad,Neha Kapoor,Loan App Harassment,+917934020993,user88130@paytm,67651208305,HDFC0971415,15982,Victim was added to a Telegram investment group and asked to transfer funds to UPI ID user88130@paytm for 'guaranteed returns'.
CMP-00230,2026-05-03,Delhi,New Delhi,Ajay Kapoor,UPI Fraud - Fake QR Code,+919930385223,user79024@ybl,75102757916,SBIN0112884,80687,"Victim received video call from person claiming to be CBI officer, threatened digital arrest, asked for transfer to 75102757916 via IFSC SBIN0112884."
CMP-00121,2026-03-11,West Bengal,Kolkata,Divya Verma,Fake Job Offer Fraud,+919070777551,user68840@okicici,28412750915,UTIB0101640,350321,Victim was added to a Telegram investment group and asked to transfer funds to UPI ID user68840@okicici for 'guaranteed returns'.
CMP-00060,2026-05-28,Karnataka,Hubli,Raj Yadav,Digital Arrest Scam,+919518594012,user54530@okhdfcbank,74214257751,PUNB0738551,382659,"Victim clicked on a loan app link, after taking small loan started receiving harassment calls from +919518594012 for repayment to user54530@okhdfcbank."
CMP-00062,2026-02-19,West Bengal,Howrah,Vikram Iyer,Loan App Harassment,+919498531174,user71351@okhdfcbank,24489747629,HDFC0694916,21408,"Fake online store took payment via user71351@okhdfcbank but never delivered product, seller phone +919498531174 now unreachable."
CMP-00120,2026-07-19,Rajasthan,Jodhpur,Sneha Singh,Sextortion,+917364347762,user34348@okaxis,16356022467,UTIB0769989,476557,"Victim received video call from person claiming to be CBI officer, threatened digital arrest, asked for transfer to 16356022467 via IFSC UTIB0769989."
CMP-00087,2026-03-08,Delhi,Rohini,Meena Desai,KYC Update Scam,+919966814117,user17275@ybl,79242068763,UTIB0946721,172490,"Fake online store took payment via user17275@ybl but never delivered product, seller phone +919966814117 now unreachable."
CMP-00161,2026-03-17,Delhi,Dwarka,Rekha Rao,KYC Update Scam,+919014038947,user32427@okhdfcbank,29588529624,BARB0735163,283814,"Fake online store took payment via user32427@okhdfcbank but never delivered product, seller phone +919014038947 now unreachable."
CMP-00216,2026-08-04,Karnataka,Hubli,Divya Gupta,Online Shopping Fraud,+919497716345,user14722@okicici,68117481970,SBIN0999312,363020,"Victim received video call from person claiming to be CBI officer, threatened digital arrest, asked for transfer to 68117481970 via IFSC SBIN0999312."
CMP-00036,2026-05-04,Rajasthan,Jaipur,Sanjay Desai,Sextortion,+919097183000,user80151@okaxis,14964411347,SBIN0321231,82211,"Victim received video call from person claiming to be CBI officer, threatened digital arrest, asked for transfer to 14964411347 via IFSC SBIN0321231."
CMP-00056,2026-02-26,Karnataka,Hubli,Rekha Chauhan,Digital Arrest Scam,+918114624621,user10343@ibl,74214257751,KKBK0769987,233756,"Fraudster posing as courier company called from +918114624621 claiming a parcel was seized, demanded payment to account 74214257751."
CMP-00083,2026-05-05,Uttar Pradesh,Kanpur,Kavita Joshi,KYC Update Scam,+919966814117,user17275@ybl,79242068763,HDFC0922733,171749,Victim received a call from +919966814117 claiming to be from HDFC bank asking to verify KYC via UPI PIN.
CMP-00308,2026-05-16,Telangana,Warangal,Meena Sharma,KYC Update Scam,+917778576967,user90399@paytm,98813494536,SBIN0500118,8797,"Fake online store took payment via user90399@paytm but never delivered product, seller phone +917778576967 now unreachable."
CMP-00269,2026-04-12,Bihar,Gaya,Anita Singh,Online Shopping Fraud,+918207070846,user61760@okicici,25831405402,SBIN0353690,250817,"Victim clicked on a loan app link, after taking small loan started receiving harassment calls from +918207070846 for repayment to user61760@okicici."
CMP-00029,2026-07-28,Bihar,Muzaffarpur,Ajay Reddy,Digital Arrest Scam,+918245546434,user47955@ybl,99833953718,PUNB0864544,352682,"Victim received video call from person claiming to be CBI officer, threatened digital arrest, asked for transfer to 99833953718 via IFSC PUNB0864544."
CMP-00256,2026-03-11,Bihar,Gaya,Meena Singh,UPI Fraud - Fake QR Code,+919284582628,user83979@paytm,94402283096,ICIC0349087,259398,"Victim received video call from person claiming to be CBI officer, threatened digital arrest, asked for transfer to 94402283096 via IFSC ICIC0349087."
CMP-00167,2026-03-21,Telangana,Warangal,Ajay Singh,Matrimonial Fraud,+918732926691,user84538@okaxis,12420364823,UTIB0806215,122410,"Victim received video call from person claiming to be CBI officer, threatened digital arrest, asked for transfer to 12420364823 via IFSC UTIB0806215."
CMP-00109,2026-02-12,Maharashtra,Nagpur,Simran Sharma,Online Shopping Fraud,+917700462565,user26858@okaxis,68406284028,KKBK0682765,415782,"Fraudster posing as courier company called from +917700462565 claiming a parcel was seized, demanded payment to account 68406284028."
CMP-00001,2026-03-29,Gujarat,Ahmedabad,Deepak Verma,Digital Arrest Scam,+917802439256,user85423@okicici,85553035110,SBIN0198246,31821,"Victim received video call from person claiming to be CBI officer, threatened digital arrest, asked for transfer to 85553035110 via IFSC SBIN0198246."
CMP-00206,2026-02-20,Madhya Pradesh,Gwalior,Anita Mehta,Matrimonial Fraud,+918272964819,user71027@ibl,59554234434,HDFC0610310,89485,"Fake online store took payment via user71027@ibl but never delivered product, seller phone +918272964819 now unreachable."
CMP-00155,2026-03-11,Madhya Pradesh,Indore,Kavita Mehta,Loan App Harassment,+919139372350,user58893@ybl,46444851196,ICIC0777273,389284,"Fake online store took payment via user58893@ybl but never delivered product, seller phone +919139372350 now unreachable."
CMP-00123,2026-06-21,Maharashtra,Nagpur,Sanjay Desai,Fake Job Offer Fraud,+917790196127,user74323@ibl,52243247463,SBIN0469412,252888,"Fake online store took payment via user74323@ibl but never delivered product, seller phone +917790196127 now unreachable."
CMP-00217,2026-04-25,Madhya Pradesh,Gwalior,Pooja Desai,Investment/Trading Scam,+917989130837,user99545@okaxis,93487014547,ICIC0186424,368708,Victim received a call from +917989130837 claiming to be from ICICI bank asking to verify KYC via UPI PIN.
CMP-00301,2026-02-17,Bihar,Muzaffarpur,Arjun Mehta,Online Shopping Fraud,+918107324125,user87563@okaxis,91999222522,BARB0717413,72588,"Victim received video call from person claiming to be CBI officer, threatened digital arrest, asked for transfer to 91999222522 via IFSC BARB0717413."
CMP-00189,2026-07-02,Uttar Pradesh,Kanpur,Priya Verma,OTP Fraud,+919423761068,user42456@okaxis,21105578324,ICIC0566339,227957,Victim received a call from +919423761068 claiming to be from ICICI bank asking to verify KYC via UPI PIN.
CMP-00128,2026-04-14,Gujarat,Ahmedabad,Amit Verma,Sextortion,+919199393560,user51556@ibl,96271784435,SBIN0249715,37249,"Fake online store took payment via user51556@ibl but never delivered product, seller phone +919199393560 now unreachable."
CMP-00020,2026-05-24,Rajasthan,Jodhpur,Deepak Chauhan,Loan App Harassment,+919391170217,user18080@paytm,18149203558,KKBK0403445,333843,Victim received a call from +919391170217 claiming to be from Bank of Baroda bank asking to verify KYC via UPI PIN.
CMP-00139,2026-05-08,Gujarat,Surat,Ajay Verma,Fake Job Offer Fraud,+918440464476,user59569@ybl,53751396498,HDFC0427766,400807,"Fake online store took payment via user59569@ybl but never delivered product, seller phone +918440464476 now unreachable."
CMP-00243,2026-06-14,Gujarat,Surat,Deepak Gupta,Investment/Trading Scam,+919121048680,user61062@ibl,71165475776,SBIN0393366,332696,"Victim received video call from person claiming to be CBI officer, threatened digital arrest, asked for transfer to 71165475776 via IFSC SBIN0393366."
CMP-00239,2026-06-21,Rajasthan,Jaipur,Raj Nair,OTP Fraud,+917704552964,user25121@okicici,41481975879,UTIB0638401,450057,"Fraudster posing as courier company called from +917704552964 claiming a parcel was seized, demanded payment to account 41481975879."
CMP-00133,2026-07-13,Madhya Pradesh,Bhopal,Priya Yadav,Investment/Trading Scam,+919589874752,user12656@ibl,83496115351,UTIB0942700,210750,"Victim clicked on a loan app link, after taking small loan started receiving harassment calls from +919589874752 for repayment to user12656@ibl."
CMP-00158,2026-03-26,Madhya Pradesh,Bhopal,Ravi Patel,KYC Update Scam,+919413754185,user90947@ibl,96913126162,HDFC0284019,212152,"Victim received video call from person claiming to be CBI officer, threatened digital arrest, asked for transfer to 96913126162 via IFSC HDFC0284019."
CMP-00263,2026-06-27,Karnataka,Mysuru,Vikram Joshi,Loan App Harassment,+918702970051,user99411@okicici,89730905018,PUNB0919656,310246,"Victim received video call from person claiming to be CBI officer, threatened digital arrest, asked for transfer to 89730905018 via IFSC PUNB0919656."
CMP-00058,2026-07-06,Karnataka,Hubli,Sanjay Patel,Digital Arrest Scam,+919518594012,user10343@ibl,74214257751,PUNB0738551,341586,Victim was added to a Telegram investment group and asked to transfer funds to UPI ID user10343@ibl for 'guaranteed returns'.
CMP-00063,2026-06-29,West Bengal,Howrah,Divya Singh,Loan App Harassment,+919498531174,user71351@okhdfcbank,24489747629,HDFC0694916,345293,"Fake online store took payment via user71351@okhdfcbank but never delivered product, seller phone +919498531174 now unreachable."
CMP-00183,2026-03-30,Maharashtra,Mumbai,Divya Chauhan,Investment/Trading Scam,+917306363120,user48858@ibl,70160252954,BARB0109909,413239,Victim received a call from +917306363120 claiming to be from Bank of Baroda bank asking to verify KYC via UPI PIN.
CMP-00025,2026-06-05,Bihar,Gaya,Manoj Reddy,Digital Arrest Scam,+918245546434,user47955@ybl,92176667861,PUNB0864544,169619,"Fraudster posing as courier company called from +918245546434 claiming a parcel was seized, demanded payment to account 92176667861."
CMP-00219,2026-05-16,Karnataka,Bengaluru,Neha Kapoor,Loan App Harassment,+919819165353,user81026@okhdfcbank,19345829826,UTIB0193670,158895,Victim received a call from +919819165353 claiming to be from Bank of Baroda bank asking to verify KYC via UPI PIN.
CMP-00009,2026-03-18,Uttar Pradesh,Ghaziabad,Amit Singh,Fake Job Offer Fraud,+919346295181,user65863@ybl,53398362082,SBIN0197251,195575,Victim was added to a Telegram investment group and asked to transfer funds to UPI ID user65863@ybl for 'guaranteed returns'.
CMP-00080,2026-07-10,Karnataka,Bengaluru,Neha Mehta,UPI Fraud - Fake QR Code,+918223667422,user56225@ybl,85336456621,SBIN0842225,474748,"Fraudster posing as courier company called from +918223667422 claiming a parcel was seized, demanded payment to account 85336456621."
CMP-00248,2026-03-23,Karnataka,Hubli,Neha Patel,Investment/Trading Scam,+917660127103,user44832@paytm,17123528797,HDFC0715104,197869,Victim received a call from +917660127103 claiming to be from Bank of Baroda bank asking to verify KYC via UPI PIN.
CMP-00136,2026-02-21,Delhi,New Delhi,Anita Joshi,Loan App Harassment,+917821135729,user75080@paytm,26771112648,ICIC0744274,495673,"Victim clicked on a loan app link, after taking small loan started receiving harassment calls from +917821135729 for repayment to user75080@paytm."
CMP-00061,2026-02-07,Bihar,Gaya,Kavita Joshi,Loan App Harassment,+918767479514,user71351@okhdfcbank,24489747629,HDFC0694916,202787,Victim was added to a Telegram investment group and asked to transfer funds to UPI ID user71351@okhdfcbank for 'guaranteed returns'.
CMP-00033,2026-04-07,Uttar Pradesh,Kanpur,Manoj Rao,Sextortion,+918243345382,user80151@okaxis,14964411347,UTIB0380746,195407,Victim was added to a Telegram investment group and asked to transfer funds to UPI ID user80151@okaxis for 'guaranteed returns'.
CMP-00277,2026-05-18,West Bengal,Kolkata,Divya Rao,Fake Job Offer Fraud,+919427843902,user84281@ybl,97460382610,BARB0193637,466961,Victim was added to a Telegram investment group and asked to transfer funds to UPI ID user84281@ybl for 'guaranteed returns'.
CMP-00235,2026-07-14,Bihar,Gaya,Arjun Patel,Fake Job Offer Fraud,+918612217850,user24545@okaxis,15348541776,KKBK0645007,266989,"Victim received video call from person claiming to be CBI officer, threatened digital arrest, asked for transfer to 15348541776 via IFSC KKBK0645007."
CMP-00282,2026-02-08,Bihar,Muzaffarpur,Neha Yadav,Digital Arrest Scam,+918222511845,user42977@ybl,12826652789,SBIN0757128,69596,Victim was added to a Telegram investment group and asked to transfer funds to UPI ID user42977@ybl for 'guaranteed returns'.
CMP-00051,2026-02-06,Delhi,Dwarka,Ajay Yadav,Loan App Harassment,+917500892240,user91197@okhdfcbank,59509760584,PUNB0112038,264391,"Fraudster posing as courier company called from +917500892240 claiming a parcel was seized, demanded payment to account 59509760584."
CMP-00026,2026-02-05,Bihar,Patna,Suresh Patel,Digital Arrest Scam,+918245546434,user75056@ybl,99833953718,PUNB0864544,219510,Victim was added to a Telegram investment group and asked to transfer funds to UPI ID user75056@ybl for 'guaranteed returns'.
CMP-00249,2026-03-14,Uttar Pradesh,Lucknow,Simran Rao,Fake Job Offer Fraud,+918102849552,user43027@ybl,65950234433,BARB0610866,189079,Victim was added to a Telegram investment group and asked to transfer funds to UPI ID user43027@ybl for 'guaranteed returns'.
CMP-00018,2026-04-29,Rajasthan,Jodhpur,Anita Joshi,Loan App Harassment,+919391170217,user94990@ibl,83306468299,KKBK0403445,300375,"Fake online store took payment via user94990@ibl but never delivered product, seller phone +919391170217 now unreachable."
CMP-00195,2026-06-12,Uttar Pradesh,Noida,Sanjay Rao,Online Shopping Fraud,+917373183905,user30485@ibl,33831983367,KKBK0676820,154741,"Fake online store took payment via user30485@ibl but never delivered product, seller phone +917373183905 now unreachable."
CMP-00247,2026-07-30,Madhya Pradesh,Gwalior,Deepak Iyer,Sextortion,+917616874517,user65549@ybl,72140763261,SBIN0158896,2358,Victim was added to a Telegram investment group and asked to transfer funds to UPI ID user65549@ybl for 'guaranteed returns'.
CMP-00169,2026-06-30,Rajasthan,Jaipur,Deepak Yadav,Digital Arrest Scam,+918462888352,user78816@ybl,15531929128,UTIB0345722,124768,Victim received a call from +918462888352 claiming to be from PNB bank asking to verify KYC via UPI PIN.
CMP-00119,2026-06-10,Madhya Pradesh,Bhopal,Vikram Mehta,UPI Fraud - Fake QR Code,+917940071925,user81227@okicici,70581682167,PUNB0105506,494949,"Fraudster posing as courier company called from +917940071925 claiming a parcel was seized, demanded payment to account 70581682167."
CMP-00160,2026-03-29,Gujarat,Vadodara,Pooja Desai,KYC Update Scam,+919141957127,user80940@okaxis,95226942964,UTIB0421709,63559,"Fake online store took payment via user80940@okaxis but never delivered product, seller phone +919141957127 now unreachable."
CMP-00231,2026-05-01,Madhya Pradesh,Bhopal,Sneha Mehta,Loan App Harassment,+918811695944,user52938@paytm,41546952114,BARB0435476,355016,"Victim clicked on a loan app link, after taking small loan started receiving harassment calls from +918811695944 for repayment to user52938@paytm."
CMP-00047,2026-07-20,Uttar Pradesh,Ghaziabad,Simran Desai,Loan App Harassment,+917500892240,user91197@okhdfcbank,59509760584,PUNB0112038,54026,"Victim clicked on a loan app link, after taking small loan started receiving harassment calls from +917500892240 for repayment to user91197@okhdfcbank."
CMP-00030,2026-06-19,Madhya Pradesh,Indore,Amit Yadav,Sextortion,+918243345382,user80151@okaxis,14964411347,UTIB0380746,200759,"Victim received video call from person claiming to be CBI officer, threatened digital arrest, asked for transfer to 14964411347 via IFSC UTIB0380746."
CMP-00262,2026-04-27,Uttar Pradesh,Lucknow,Meena Nair,Loan App Harassment,+919238467067,user30690@ybl,86376903372,ICIC0862422,291435,Victim received a call from +919238467067 claiming to be from Kotak bank asking to verify KYC via UPI PIN.
CMP-00228,2026-07-05,Madhya Pradesh,Indore,Raj Reddy,OTP Fraud,+918136078551,user62943@ybl,57236290703,BARB0919067,425156,"Fake online store took payment via user62943@ybl but never delivered product, seller phone +918136078551 now unreachable."
CMP-00181,2026-07-11,Gujarat,Ahmedabad,Deepak Verma,Investment/Trading Scam,+918734746010,user64846@okaxis,74973120912,BARB0806774,128337,Victim received a call from +918734746010 claiming to be from Axis bank asking to verify KYC via UPI PIN.
CMP-00299,2026-02-23,Rajasthan,Jodhpur,Pooja Mehta,Fake Job Offer Fraud,+919348396136,user47267@okaxis,22915313588,BARB0332518,275670,"Fraudster posing as courier company called from +919348396136 claiming a parcel was seized, demanded payment to account 22915313588."
CMP-00042,2026-04-03,Madhya Pradesh,Bhopal,Manoj Desai,Loan App Harassment,+919147775435,user37127@ybl,84560027313,HDFC0245051,311113,Victim was added to a Telegram investment group and asked to transfer funds to UPI ID user37127@ybl for 'guaranteed returns'.
CMP-00168,2026-06-04,Bihar,Gaya,Suresh Patel,Sextortion,+918134230332,user38234@okicici,24134593072,KKBK0792267,54898,Victim received a call from +918134230332 claiming to be from Axis bank asking to verify KYC via UPI PIN.
CMP-00276,2026-03-15,Rajasthan,Jaipur,Anita Yadav,Investment/Trading Scam,+918124439145,user80278@okicici,70821413281,ICIC0631958,53172,"Fake online store took payment via user80278@okicici but never delivered product, seller phone +918124439145 now unreachable."
CMP-00106,2026-02-28,Bihar,Patna,Simran Mehta,Online Shopping Fraud,+918591373092,user26858@okaxis,68406284028,BARB0865990,203579,Victim received a call from +918591373092 claiming to be from Bank of Baroda bank asking to verify KYC via UPI PIN.
CMP-00055,2026-07-06,Uttar Pradesh,Ghaziabad,Ajay Singh,Digital Arrest Scam,+919518594012,user10343@ibl,74214257751,PUNB0738551,271796,"Fraudster posing as courier company called from +919518594012 claiming a parcel was seized, demanded payment to account 74214257751."
CMP-00089,2026-05-01,Bihar,Gaya,Vikram Chauhan,Digital Arrest Scam,+917317696374,user57816@okicici,17532311310,HDFC0300896,485909,"Fraudster posing as courier company called from +917317696374 claiming a parcel was seized, demanded payment to account 17532311310."
CMP-00054,2026-05-11,Delhi,Rohini,Ravi Chauhan,Loan App Harassment,+917500892240,user91197@okhdfcbank,59509760584,PUNB0112038,56840,"Victim received video call from person claiming to be CBI officer, threatened digital arrest, asked for transfer to 59509760584 via IFSC PUNB0112038."
CMP-00079,2026-04-01,Delhi,Rohini,Simran Nair,UPI Fraud - Fake QR Code,+918223667422,user12185@ibl,85336456621,SBIN0842225,494334,Victim received a call from +918223667422 claiming to be from Bank of Baroda bank asking to verify KYC via UPI PIN.
CMP-00022,2026-06-28,Telangana,Warangal,Raj Kapoor,Loan App Harassment,+919391170217,user18080@paytm,18149203558,KKBK0403445,395721,Victim was added to a Telegram investment group and asked to transfer funds to UPI ID user18080@paytm for 'guaranteed returns'.
CMP-00141,2026-03-30,Uttar Pradesh,Kanpur,Pooja Iyer,Matrimonial Fraud,+919835430932,user93351@ibl,50303832812,KKBK0267082,14151,"Victim received video call from person claiming to be CBI officer, threatened digital arrest, asked for transfer to 50303832812 via IFSC KKBK0267082."
CMP-00252,2026-07-18,Madhya Pradesh,Gwalior,Neha Yadav,Digital Arrest Scam,+919901021629,user94195@okicici,52579565240,SBIN0378095,414625,"Fake online store took payment via user94195@okicici but never delivered product, seller phone +919901021629 now unreachable."
CMP-00298,2026-04-10,Maharashtra,Nagpur,Ravi Mehta,UPI Fraud - Fake QR Code,+919916776628,user67536@okicici,95589849525,ICIC0480992,404347,Victim was added to a Telegram investment group and asked to transfer funds to UPI ID user67536@okicici for 'guaranteed returns'.
CMP-00153,2026-07-08,Karnataka,Mysuru,Simran Desai,OTP Fraud,+919149443612,user86571@ybl,35989006374,PUNB0384303,309668,Victim was added to a Telegram investment group and asked to transfer funds to UPI ID user86571@ybl for 'guaranteed returns'.
CMP-00147,2026-04-05,Rajasthan,Jodhpur,Manoj Chauhan,UPI Fraud - Fake QR Code,+918556112180,user47752@okicici,24547256709,PUNB0422623,412467,"Victim clicked on a loan app link, after taking small loan started receiving harassment calls from +918556112180 for repayment to user47752@okicici."
CMP-00209,2026-07-25,Madhya Pradesh,Indore,Sanjay Mehta,Fake Job Offer Fraud,+918853574921,user66275@okaxis,83222628457,ICIC0912764,116578,"Victim clicked on a loan app link, after taking small loan started receiving harassment calls from +918853574921 for repayment to user66275@okaxis."
CMP-00011,2026-06-20,Telangana,Warangal,Divya Sharma,Fake Job Offer Fraud,+919346295181,user55985@paytm,53398362082,SBIN0197251,96036,Victim was added to a Telegram investment group and asked to transfer funds to UPI ID user55985@paytm for 'guaranteed returns'.
CMP-00032,2026-06-02,Uttar Pradesh,Lucknow,Suresh Singh,Sextortion,+919097183000,user80151@okaxis,14964411347,UTIB0380746,12684,Victim received a call from +919097183000 claiming to be from Kotak bank asking to verify KYC via UPI PIN.
CMP-00175,2026-04-07,Maharashtra,Nashik,Meena Chauhan,OTP Fraud,+919996441797,user81287@okicici,36525880424,HDFC0678897,190355,"Victim received video call from person claiming to be CBI officer, threatened digital arrest, asked for transfer to 36525880424 via IFSC HDFC0678897."
CMP-00227,2026-08-01,Uttar Pradesh,Kanpur,Vikram Desai,Investment/Trading Scam,+917189742044,user18865@okaxis,68757448675,PUNB0157701,7950,Victim received a call from +917189742044 claiming to be from ICICI bank asking to verify KYC via UPI PIN.
CMP-00142,2026-02-13,Maharashtra,Nashik,Rekha Yadav,Sextortion,+918656269930,user34637@ibl,55152246275,SBIN0395023,283380,"Fake online store took payment via user34637@ibl but never delivered product, seller phone +918656269930 now unreachable."
CMP-00003,2026-05-16,Delhi,Rohini,Kavita Yadav,Digital Arrest Scam,+917364813278,user85423@okicici,85553035110,SBIN0198246,209505,"Fake online store took payment via user85423@okicici but never delivered product, seller phone +917364813278 now unreachable."
CMP-00096,2026-05-27,West Bengal,Kolkata,Sanjay Chauhan,Digital Arrest Scam,+917317696374,user46264@okhdfcbank,17532311310,KKBK0214576,224305,Victim received a call from +917317696374 claiming to be from Bank of Baroda bank asking to verify KYC via UPI PIN.
CMP-00245,2026-03-21,Gujarat,Vadodara,Amit Rao,Digital Arrest Scam,+917191971824,user64255@ibl,39271395839,SBIN0359896,498921,"Fraudster posing as courier company called from +917191971824 claiming a parcel was seized, demanded payment to account 39271395839."
CMP-00077,2026-02-19,Delhi,Dwarka,Divya Patel,UPI Fraud - Fake QR Code,+919200995180,user12185@ibl,85336456621,SBIN0842225,75283,"Fraudster posing as courier company called from +919200995180 claiming a parcel was seized, demanded payment to account 85336456621."
CMP-00037,2026-03-06,Delhi,New Delhi,Manoj Reddy,Sextortion,+919097183000,user80151@okaxis,14964411347,SBIN0321231,448542,"Fake online store took payment via user80151@okaxis but never delivered product, seller phone +919097183000 now unreachable."
CMP-00311,2026-05-05,Madhya Pradesh,Bhopal,Priya Rao,Sextortion,+917503652287,user71116@okicici,88810699207,ICIC0614379,373028,"Victim clicked on a loan app link, after taking small loan started receiving harassment calls from +917503652287 for repayment to user71116@okicici."
CMP-00076,2026-06-06,Karnataka,Mysuru,Rekha Sharma,UPI Fraud - Fake QR Code,+918223667422,user12185@ibl,85336456621,SBIN0842225,326820,"Fake online store took payment via user12185@ibl but never delivered product, seller phone +918223667422 now unreachable."
CMP-00140,2026-05-22,Karnataka,Hubli,Ajay Singh,Loan App Harassment,+918840423917,user42640@okhdfcbank,25387195524,UTIB0359961,324635,Victim received a call from +918840423917 claiming to be from HDFC bank asking to verify KYC via UPI PIN.
CMP-00101,2026-07-08,Gujarat,Ahmedabad,Kavita Nair,Digital Arrest Scam,+917601246509,user35519@okhdfcbank,93680451872,SBIN0890170,310738,"Victim received video call from person claiming to be CBI officer, threatened digital arrest, asked for transfer to 93680451872 via IFSC SBIN0890170."
CMP-00306,2026-05-28,Uttar Pradesh,Noida,Anita Yadav,UPI Fraud - Fake QR Code,+919875365363,user92711@ibl,23127135757,UTIB0252386,360293,Victim was added to a Telegram investment group and asked to transfer funds to UPI ID user92711@ibl for 'guaranteed returns'.
CMP-00057,2026-07-04,Karnataka,Bengaluru,Raj Chauhan,Digital Arrest Scam,+918114624621,user54530@okhdfcbank,74214257751,PUNB0738551,321224,"Victim received video call from person claiming to be CBI officer, threatened digital arrest, asked for transfer to 74214257751 via IFSC PUNB0738551."
CMP-00289,2026-07-10,Gujarat,Ahmedabad,Manoj Chauhan,Loan App Harassment,+919200821665,user21383@okicici,73260142678,SBIN0917392,123194,"Fake online store took payment via user21383@okicici but never delivered product, seller phone +919200821665 now unreachable."
CMP-00041,2026-04-10,West Bengal,Howrah,Manoj Yadav,Loan App Harassment,+919147775435,user37127@ybl,84528853029,PUNB0617488,133807,"Fake online store took payment via user37127@ybl but never delivered product, seller phone +919147775435 now unreachable."
CMP-00122,2026-06-01,Maharashtra,Nagpur,Raj Reddy,KYC Update Scam,+917221778951,user65774@ibl,80121833792,UTIB0592972,415411,"Fraudster posing as courier company called from +917221778951 claiming a parcel was seized, demanded payment to account 80121833792."
CMP-00008,2026-07-02,Telangana,Hyderabad,Manoj Verma,Fake Job Offer Fraud,+919346295181,user55985@paytm,29331191390,SBIN0197251,390618,"Fraudster posing as courier company called from +919346295181 claiming a parcel was seized, demanded payment to account 29331191390."
CMP-00294,2026-03-24,Maharashtra,Nagpur,Simran Patel,Fake Job Offer Fraud,+919146251187,user11296@ibl,83877145921,PUNB0334865,228936,"Victim clicked on a loan app link, after taking small loan started receiving harassment calls from +919146251187 for repayment to user11296@ibl."
CMP-00102,2026-07-16,Gujarat,Ahmedabad,Deepak Chauhan,Digital Arrest Scam,+917601246509,user92780@okaxis,93680451872,SBIN0890170,61782,Victim was added to a Telegram investment group and asked to transfer funds to UPI ID user92780@okaxis for 'guaranteed returns'.
CMP-00098,2026-07-21,Delhi,Rohini,Raj Gupta,Digital Arrest Scam,+917317696374,user57816@okicici,17532311310,KKBK0214576,160030,"Victim clicked on a loan app link, after taking small loan started receiving harassment calls from +917317696374 for repayment to user57816@okicici."
CMP-00309,2026-06-16,Delhi,New Delhi,Pooja Iyer,Sextortion,+919033468073,user94938@okicici,92494859017,KKBK0716966,95022,Victim was added to a Telegram investment group and asked to transfer funds to UPI ID user94938@okicici for 'guaranteed returns'.
CMP-00073,2026-05-13,West Bengal,Howrah,Divya Verma,Digital Arrest Scam,+919492379822,user77570@ibl,43666585408,HDFC0665492,107274,"Fraudster posing as courier company called from +919492379822 claiming a parcel was seized, demanded payment to account 43666585408."
CMP-00233,2026-03-18,Bihar,Gaya,Kavita Verma,Digital Arrest Scam,+918847449834,user85789@ybl,69495430792,PUNB0617326,5343,"Fake online store took payment via user85789@ybl but never delivered product, seller phone +918847449834 now unreachable."
CMP-00156,2026-03-12,Gujarat,Surat,Simran Patel,UPI Fraud - Fake QR Code,+918369333040,user13760@okhdfcbank,33904236062,KKBK0403528,488777,"Fraudster posing as courier company called from +918369333040 claiming a parcel was seized, demanded payment to account 33904236062."
CMP-00078,2026-07-01,Telangana,Hyderabad,Ajay Iyer,UPI Fraud - Fake QR Code,+918223667422,user33018@paytm,85336456621,SBIN0842225,196516,"Victim clicked on a loan app link, after taking small loan started receiving harassment calls from +918223667422 for repayment to user33018@paytm."
CMP-00240,2026-04-24,West Bengal,Kolkata,Neha Chauhan,Investment/Trading Scam,+917310370560,user20427@okaxis,11166216779,KKBK0918895,332457,Victim was added to a Telegram investment group and asked to transfer funds to UPI ID user20427@okaxis for 'guaranteed returns'.
CMP-00075,2026-08-01,Delhi,Rohini,Manoj Mehta,UPI Fraud - Fake QR Code,+918223667422,user12185@ibl,85336456621,SBIN0842225,66796,"Victim received video call from person claiming to be CBI officer, threatened digital arrest, asked for transfer to 85336456621 via IFSC SBIN0842225."
CMP-00028,2026-04-19,Bihar,Gaya,Meena Desai,Digital Arrest Scam,+918245546434,user75056@ybl,92176667861,PUNB0864544,387159,"Victim received video call from person claiming to be CBI officer, threatened digital arrest, asked for transfer to 92176667861 via IFSC PUNB0864544."
CMP-00129,2026-07-16,Bihar,Muzaffarpur,Arjun Verma,Fake Job Offer Fraud,+918200357467,user49282@okaxis,87264752975,BARB0571778,279589,"Victim received video call from person claiming to be CBI officer, threatened digital arrest, asked for transfer to 87264752975 via IFSC BARB0571778."
CMP-00092,2026-05-07,Delhi,New Delhi,Meena Reddy,Digital Arrest Scam,+917317696374,user46264@okhdfcbank,17532311310,KKBK0214576,62232,Victim received a call from +917317696374 claiming to be from Kotak bank asking to verify KYC via UPI PIN.
CMP-00226,2026-02-23,Telangana,Hyderabad,Priya Yadav,KYC Update Scam,+917909220957,user41720@ibl,36967647911,HDFC0662445,368307,"Victim clicked on a loan app link, after taking small loan started receiving harassment calls from +917909220957 for repayment to user41720@ibl."
CMP-00268,2026-04-10,Telangana,Warangal,Amit Kapoor,Digital Arrest Scam,+917444478719,user68213@ybl,34994351711,HDFC0977633,190940,Victim received a call from +917444478719 claiming to be from SBI bank asking to verify KYC via UPI PIN.
CMP-00012,2026-07-08,Delhi,Dwarka,Ajay Singh,Fake Job Offer Fraud,+919346295181,user92810@ybl,53398362082,UTIB0201414,22302,"Fake online store took payment via user92810@ybl but never delivered product, seller phone +919346295181 now unreachable."
CMP-00150,2026-02-11,Telangana,Warangal,Manoj Joshi,Fake Job Offer Fraud,+919169972701,user63858@paytm,32593559955,PUNB0458955,255849,"Fake online store took payment via user63858@paytm but never delivered product, seller phone +919169972701 now unreachable."
CMP-00191,2026-07-19,Maharashtra,Pune,Anita Nair,Online Shopping Fraud,+918874178302,user27397@okhdfcbank,31249078381,ICIC0415759,146683,Victim was added to a Telegram investment group and asked to transfer funds to UPI ID user27397@okhdfcbank for 'guaranteed returns'.
CMP-00194,2026-04-30,Bihar,Gaya,Manoj Singh,Digital Arrest Scam,+918029533283,user50750@paytm,98779573843,UTIB0703853,414020,"Fraudster posing as courier company called from +918029533283 claiming a parcel was seized, demanded payment to account 98779573843."
CMP-00017,2026-05-20,Telangana,Warangal,Deepak Yadav,Loan App Harassment,+919391170217,user18080@paytm,18149203558,KKBK0403445,351643,Victim received a call from +919391170217 claiming to be from Bank of Baroda bank asking to verify KYC via UPI PIN.
CMP-00159,2026-05-19,Maharashtra,Pune,Arjun Desai,OTP Fraud,+917460772580,user43141@okaxis,43511859868,HDFC0568436,302352,"Fraudster posing as courier company called from +917460772580 claiming a parcel was seized, demanded payment to account 43511859868."
CMP-00293,2026-07-07,West Bengal,Howrah,Divya Iyer,Online Shopping Fraud,+917593990127,user48855@ibl,13834937767,KKBK0862606,26102,"Victim received video call from person claiming to be CBI officer, threatened digital arrest, asked for transfer to 13834937767 via IFSC KKBK0862606."
CMP-00271,2026-02-20,Bihar,Muzaffarpur,Anita Joshi,Online Shopping Fraud,+917677445269,user76762@ibl,12937844678,KKBK0815338,421883,Victim was added to a Telegram investment group and asked to transfer funds to UPI ID user76762@ibl for 'guaranteed returns'.
CMP-00002,2026-03-12,Gujarat,Ahmedabad,Kavita Joshi,Digital Arrest Scam,+917364813278,user85423@okicici,85553035110,SBIN0198246,313699,Victim received a call from +917364813278 claiming to be from Axis bank asking to verify KYC via UPI PIN.
CMP-00137,2026-03-10,Rajasthan,Jaipur,Manoj Chauhan,UPI Fraud - Fake QR Code,+917560996341,user73987@paytm,82144232045,KKBK0129751,112524,"Fake online store took payment via user73987@paytm but never delivered product, seller phone +917560996341 now unreachable."
CMP-00031,2026-06-01,Rajasthan,Jaipur,Priya Iyer,Sextortion,+919097183000,user80151@okaxis,14964411347,SBIN0321231,12162,"Victim received video call from person claiming to be CBI officer, threatened digital arrest, asked for transfer to 14964411347 via IFSC SBIN0321231."
CMP-00173,2026-06-17,Madhya Pradesh,Indore,Amit Yadav,Matrimonial Fraud,+917795743422,user30852@okicici,20582954920,KKBK0489102,199744,"Fake online store took payment via user30852@okicici but never delivered product, seller phone +917795743422 now unreachable."
CMP-00220,2026-05-07,Madhya Pradesh,Indore,Suresh Chauhan,Investment/Trading Scam,+919534427451,user75696@ybl,18669628927,PUNB0108886,394308,"Victim received video call from person claiming to be CBI officer, threatened digital arrest, asked for transfer to 18669628927 via IFSC PUNB0108886."
CMP-00287,2026-07-08,Maharashtra,Nagpur,Rekha Gupta,OTP Fraud,+919040789381,user81727@okhdfcbank,23649309976,BARB0747703,321292,Victim received a call from +919040789381 claiming to be from SBI bank asking to verify KYC via UPI PIN.
CMP-00081,2026-06-03,Gujarat,Rajkot,Vikram Rao,KYC Update Scam,+919966814117,user17275@ybl,79242068763,HDFC0922733,298001,"Fraudster posing as courier company called from +919966814117 claiming a parcel was seized, demanded payment to account 79242068763."
CMP-00111,2026-07-14,Delhi,New Delhi,Pooja Mehta,Online Shopping Fraud,+918591373092,user26858@okaxis,68406284028,KKBK0682765,199488,"Victim clicked on a loan app link, after taking small loan started receiving harassment calls from +918591373092 for repayment to user26858@okaxis."
CMP-00104,2026-02-21,Telangana,Hyderabad,Simran Reddy,Digital Arrest Scam,+917459365296,user92780@okaxis,93680451872,SBIN0890170,455114,"Victim clicked on a loan app link, after taking small loan started receiving harassment calls from +917459365296 for repayment to user92780@okaxis."
CMP-00162,2026-07-20,Bihar,Patna,Meena Kapoor,Sextortion,+919229388094,user99420@ibl,67667121569,BARB0479358,267020,Victim received a call from +919229388094 claiming to be from SBI bank asking to verify KYC via UPI PIN.
CMP-00116,2026-03-16,Delhi,Dwarka,Sneha Desai,Online Shopping Fraud,+918647979135,user52830@ybl,87248604290,KKBK0362147,445491,"Fraudster posing as courier company called from +918647979135 claiming a parcel was seized, demanded payment to account 87248604290."
CMP-00100,2026-02-22,Gujarat,Ahmedabad,Divya Yadav,Digital Arrest Scam,+917601246509,user35519@okhdfcbank,93680451872,SBIN0890170,62384,"Victim received video call from person claiming to be CBI officer, threatened digital arrest, asked for transfer to 93680451872 via IFSC SBIN0890170."
CMP-00105,2026-05-19,Uttar Pradesh,Noida,Manoj Joshi,Digital Arrest Scam,+917459365296,user92780@okaxis,93680451872,SBIN0890170,31450,"Fake online store took payment via user92780@okaxis but never delivered product, seller phone +917459365296 now unreachable."
CMP-00067,2026-04-29,Madhya Pradesh,Gwalior,Simran Chauhan,Digital Arrest Scam,+919509426483,user77570@ibl,43666585408,HDFC0665492,128264,"Victim clicked on a loan app link, after taking small loan started receiving harassment calls from +919509426483 for repayment to user77570@ibl."
CMP-00278,2026-07-17,Karnataka,Mysuru,Rekha Kapoor,Sextortion,+917853886751,user40169@okaxis,70157635190,KKBK0765213,103996,"Victim clicked on a loan app link, after taking small loan started receiving harassment calls from +917853886751 for repayment to user40169@okaxis."
CMP-00211,2026-03-12,Rajasthan,Jodhpur,Neha Mehta,Digital Arrest Scam,+919821489988,user74764@ybl,88249502403,KKBK0316656,149369,Victim received a call from +919821489988 claiming to be from Kotak bank asking to verify KYC via UPI PIN.
CMP-00148,2026-02-11,Rajasthan,Jaipur,Kavita Sharma,KYC Update Scam,+919363816731,user69771@ybl,77775410705,BARB0749840,302191,Victim was added to a Telegram investment group and asked to transfer funds to UPI ID user69771@ybl for 'guaranteed returns'.
CMP-00232,2026-03-16,Gujarat,Surat,Sanjay Sharma,Fake Job Offer Fraud,+917731377603,user14761@okaxis,69403124688,KKBK0985885,195419,Victim received a call from +917731377603 claiming to be from ICICI bank asking to verify KYC via UPI PIN.
CMP-00143,2026-05-04,Gujarat,Ahmedabad,Meena Yadav,Matrimonial Fraud,+918412027555,user37056@okhdfcbank,56148578655,UTIB0153642,40551,Victim was added to a Telegram investment group and asked to transfer funds to UPI ID user37056@okhdfcbank for 'guaranteed returns'.
CMP-00065,2026-07-12,Bihar,Muzaffarpur,Divya Patel,Loan App Harassment,+919498531174,user71351@okhdfcbank,24489747629,HDFC0694916,400652,"Fake online store took payment via user71351@okhdfcbank but never delivered product, seller phone +919498531174 now unreachable."
CMP-00204,2026-03-07,Karnataka,Bengaluru,Sneha Reddy,Sextortion,+918499324936,user36895@okhdfcbank,77786237617,ICIC0725969,186541,"Victim received video call from person claiming to be CBI officer, threatened digital arrest, asked for transfer to 77786237617 via IFSC ICIC0725969."
CMP-00046,2026-02-27,West Bengal,Howrah,Kavita Rao,Loan App Harassment,+917500892240,user91197@okhdfcbank,59509760584,PUNB0112038,275978,"Victim clicked on a loan app link, after taking small loan started receiving harassment calls from +917500892240 for repayment to user91197@okhdfcbank."
CMP-00014,2026-04-24,Uttar Pradesh,Noida,Meena Reddy,Fake Job Offer Fraud,+918839036062,user65863@ybl,29331191390,UTIB0201414,494430,"Victim clicked on a loan app link, after taking small loan started receiving harassment calls from +918839036062 for repayment to user65863@ybl."
CMP-00242,2026-05-25,Rajasthan,Jodhpur,Sanjay Kapoor,Investment/Trading Scam,+919692461773,user60813@okhdfcbank,97558127005,HDFC0471136,79925,"Fraudster posing as courier company called from +919692461773 claiming a parcel was seized, demanded payment to account 97558127005."
CMP-00307,2026-02-13,Delhi,New Delhi,Meena Singh,Loan App Harassment,+919750418130,user80747@ybl,79134688715,ICIC0953568,119601,"Victim clicked on a loan app link, after taking small loan started receiving harassment calls from +919750418130 for repayment to user80747@ybl."
CMP-00010,2026-05-05,West Bengal,Howrah,Suresh Chauhan,Fake Job Offer Fraud,+918972613478,user65863@ybl,29331191390,UTIB0201414,132825,Victim received a call from +918972613478 claiming to be from Kotak bank asking to verify KYC via UPI PIN.
CMP-00085,2026-03-24,Delhi,Rohini,Pooja Iyer,KYC Update Scam,+919966814117,user38595@okhdfcbank,79242068763,HDFC0922733,339295,"Fake online store took payment via user38595@okhdfcbank but never delivered product, seller phone +919966814117 now unreachable."
CMP-00184,2026-02-10,Karnataka,Hubli,Manoj Kapoor,UPI Fraud - Fake QR Code,+919811322499,user64015@ybl,37843338269,PUNB0598598,286704,Victim received a call from +919811322499 claiming to be from ICICI bank asking to verify KYC via UPI PIN.
CMP-00118,2026-02-19,Uttar Pradesh,Lucknow,Ravi Rao,Loan App Harassment,+918299175799,user48240@okhdfcbank,20502559419,HDFC0129556,78571,"Fake online store took payment via user48240@okhdfcbank but never delivered product, seller phone +918299175799 now unreachable."
CMP-00007,2026-05-09,Delhi,Rohini,Suresh Chauhan,Digital Arrest Scam,+917802439256,user85423@okicici,85553035110,SBIN0198246,334523,Victim was added to a Telegram investment group and asked to transfer funds to UPI ID user85423@okicici for 'guaranteed returns'.
CMP-00040,2026-06-09,Madhya Pradesh,Gwalior,Ajay Desai,Loan App Harassment,+919147775435,user37127@ybl,84528853029,HDFC0245051,129561,"Fraudster posing as courier company called from +919147775435 claiming a parcel was seized, demanded payment to account 84528853029."
CMP-00176,2026-04-21,Delhi,Dwarka,Amit Joshi,Fake Job Offer Fraud,+918178477215,user60969@okaxis,70917792874,KKBK0435788,455029,"Fraudster posing as courier company called from +918178477215 claiming a parcel was seized, demanded payment to account 70917792874."
CMP-00290,2026-07-06,West Bengal,Howrah,Sneha Singh,Fake Job Offer Fraud,+917865470853,user15122@ybl,15411994135,ICIC0940534,399517,"Victim received video call from person claiming to be CBI officer, threatened digital arrest, asked for transfer to 15411994135 via IFSC ICIC0940534."
CMP-00019,2026-03-09,Rajasthan,Jodhpur,Simran Chauhan,Loan App Harassment,+918757126361,user18080@paytm,18149203558,KKBK0403445,170951,"Victim received video call from person claiming to be CBI officer, threatened digital arrest, asked for transfer to 18149203558 via IFSC KKBK0403445."
CMP-00241,2026-07-25,Maharashtra,Nagpur,Sanjay Sharma,Fake Job Offer Fraud,+919663219828,user12218@ybl,92576130756,KKBK0235047,90074,Victim received a call from +919663219828 claiming to be from SBI bank asking to verify KYC via UPI PIN.
CMP-00210,2026-07-05,Uttar Pradesh,Lucknow,Kavita Gupta,Loan App Harassment,+919411695678,user86941@paytm,14582896428,ICIC0465509,427041,"Victim received video call from person claiming to be CBI officer, threatened digital arrest, asked for transfer to 14582896428 via IFSC ICIC0465509."
CMP-00166,2026-02-18,Madhya Pradesh,Gwalior,Neha Patel,Matrimonial Fraud,+919389794656,user53057@okhdfcbank,67505333621,UTIB0184148,95571,Victim was added to a Telegram investment group and asked to transfer funds to UPI ID user53057@okhdfcbank for 'guaranteed returns'.
CMP-00291,2026-05-09,Gujarat,Ahmedabad,Anita Patel,Loan App Harassment,+919791828139,user77992@ybl,52483892122,UTIB0752011,212122,"Fraudster posing as courier company called from +919791828139 claiming a parcel was seized, demanded payment to account 52483892122."
CMP-00199,2026-03-07,Delhi,New Delhi,Deepak Verma,Online Shopping Fraud,+918673377999,user67184@okicici,83337331022,UTIB0492292,182862,"Fake online store took payment via user67184@okicici but never delivered product, seller phone +918673377999 now unreachable."
CMP-00190,2026-05-22,West Bengal,Howrah,Divya Nair,KYC Update Scam,+917338413442,user19155@ibl,21740942859,PUNB0922543,410509,Victim received a call from +917338413442 claiming to be from ICICI bank asking to verify KYC via UPI PIN.
CMP-00225,2026-02-06,Delhi,New Delhi,Ajay Patel,KYC Update Scam,+917130517925,user90860@ibl,46774922644,BARB0625387,337826,"Victim received video call from person claiming to be CBI officer, threatened digital arrest, asked for transfer to 46774922644 via IFSC BARB0625387."
CMP-00180,2026-08-03,Madhya Pradesh,Bhopal,Meena Mehta,Online Shopping Fraud,+917716776287,user56657@okaxis,89784755860,BARB0746467,217659,Victim received a call from +917716776287 claiming to be from Axis bank asking to verify KYC via UPI PIN.
CMP-00303,2026-06-30,Rajasthan,Jodhpur,Divya Joshi,Online Shopping Fraud,+918651860418,user52887@okicici,41393771337,UTIB0459513,369009,Victim was added to a Telegram investment group and asked to transfer funds to UPI ID user52887@okicici for 'guaranteed returns'.
CMP-00138,2026-04-23,Rajasthan,Jodhpur,Pooja Iyer,Digital Arrest Scam,+919025493753,user13173@okicici,79411032572,BARB0416768,40258,"Fake online store took payment via user13173@okicici but never delivered product, seller phone +919025493753 now unreachable."
CMP-00053,2026-02-19,Delhi,Rohini,Sanjay Kapoor,Loan App Harassment,+917500892240,user91197@okhdfcbank,59509760584,PUNB0363626,147834,"Victim clicked on a loan app link, after taking small loan started receiving harassment calls from +917500892240 for repayment to user91197@okhdfcbank."
CMP-00027,2026-04-27,Uttar Pradesh,Noida,Arjun Desai,Digital Arrest Scam,+918245546434,user47955@ybl,99833953718,PUNB0864544,12240,"Victim received video call from person claiming to be CBI officer, threatened digital arrest, asked for transfer to 99833953718 via IFSC PUNB0864544."
CMP-00214,2026-04-09,Maharashtra,Nashik,Neha Singh,Loan App Harassment,+918689546467,user81157@okhdfcbank,72451424185,PUNB0102593,35203,"Fake online store took payment via user81157@okhdfcbank but never delivered product, seller phone +918689546467 now unreachable."
CMP-00218,2026-02-11,Bihar,Gaya,Sanjay Sharma,Digital Arrest Scam,+919147821953,user82022@okaxis,37611967311,SBIN0239145,6227,"Victim clicked on a loan app link, after taking small loan started receiving harassment calls from +919147821953 for repayment to user82022@okaxis."
CMP-00296,2026-06-05,West Bengal,Kolkata,Priya Iyer,KYC Update Scam,+917245374441,user42840@paytm,45154063666,PUNB0333524,234882,"Victim received video call from person claiming to be CBI officer, threatened digital arrest, asked for transfer to 45154063666 via IFSC PUNB0333524."
CMP-00108,2026-04-14,Telangana,Warangal,Deepak Mehta,Online Shopping Fraud,+918591373092,user26858@okaxis,43941889393,BARB0865990,321713,"Victim received video call from person claiming to be CBI officer, threatened digital arrest, asked for transfer to 43941889393 via IFSC BARB0865990."
CMP-00034,2026-02-12,West Bengal,Kolkata,Ajay Nair,Sextortion,+918243345382,user80151@okaxis,14964411347,UTIB0380746,495601,"Victim clicked on a loan app link, after taking small loan started receiving harassment calls from +918243345382 for repayment to user80151@okaxis."
CMP-00004,2026-08-02,Delhi,Rohini,Sanjay Joshi,Digital Arrest Scam,+917802439256,user85423@okicici,85553035110,SBIN0198246,297170,Victim received a call from +917802439256 claiming to be from Kotak bank asking to verify KYC via UPI PIN.
CMP-00086,2026-04-13,Gujarat,Ahmedabad,Priya Kapoor,KYC Update Scam,+919966814117,user38595@okhdfcbank,79242068763,HDFC0922733,44357,"Fake online store took payment via user38595@okhdfcbank but never delivered product, seller phone +919966814117 now unreachable."
CMP-00050,2026-05-28,Delhi,Dwarka,Vikram Patel,Loan App Harassment,+917500892240,user91197@okhdfcbank,59509760584,PUNB0363626,33267,Victim was added to a Telegram investment group and asked to transfer funds to UPI ID user91197@okhdfcbank for 'guaranteed returns'.
CMP-00043,2026-07-22,Delhi,Dwarka,Meena Yadav,Loan App Harassment,+917500892240,user91197@okhdfcbank,59509760584,PUNB0363626,367647,Victim received a call from +917500892240 claiming to be from ICICI bank asking to verify KYC via UPI PIN.
CMP-00280,2026-04-11,West Bengal,Kolkata,Manoj Gupta,UPI Fraud - Fake QR Code,+918036733639,user89720@okhdfcbank,52777566277,HDFC0428638,401084,Victim received a call from +918036733639 claiming to be from Bank of Baroda bank asking to verify KYC via UPI PIN.
CMP-00099,2026-04-16,Telangana,Hyderabad,Anita Verma,Digital Arrest Scam,+917317696374,user57816@okicici,17532311310,KKBK0214576,201338,"Victim received video call from person claiming to be CBI officer, threatened digital arrest, asked for transfer to 17532311310 via IFSC KKBK0214576."
CMP-00152,2026-07-25,Delhi,Dwarka,Pooja Desai,Investment/Trading Scam,+917399385166,user79279@okhdfcbank,60978726109,ICIC0910616,43434,"Fraudster posing as courier company called from +917399385166 claiming a parcel was seized, demanded payment to account 60978726109."
CMP-00023,2026-07-04,Telangana,Warangal,Sanjay Verma,Loan App Harassment,+917866715695,user18080@paytm,18149203558,KKBK0403445,422173,Victim was added to a Telegram investment group and asked to transfer funds to UPI ID user18080@paytm for 'guaranteed returns'.
CMP-00250,2026-03-11,Bihar,Muzaffarpur,Ajay Singh,UPI Fraud - Fake QR Code,+918929832983,user48749@okicici,98416235507,HDFC0286340,406137,"Fake online store took payment via user48749@okicici but never delivered product, seller phone +918929832983 now unreachable."
CMP-00284,2026-07-30,Madhya Pradesh,Indore,Arjun Mehta,Investment/Trading Scam,+919953674248,user46734@ybl,61120535029,HDFC0335217,90596,Victim was added to a Telegram investment group and asked to transfer funds to UPI ID user46734@ybl for 'guaranteed returns'.
CMP-00261,2026-06-11,Uttar Pradesh,Lucknow,Suresh Verma,Investment/Trading Scam,+918645284870,user62983@okicici,89258320719,SBIN0893969,24374,Victim was added to a Telegram investment group and asked to transfer funds to UPI ID user62983@okicici for 'guaranteed returns'.
CMP-00264,2026-03-02,Rajasthan,Jaipur,Rekha Sharma,Online Shopping Fraud,+917346183752,user89822@paytm,78469226717,UTIB0376967,92282,"Victim clicked on a loan app link, after taking small loan started receiving harassment calls from +917346183752 for repayment to user89822@paytm."
CMP-00192,2026-07-01,Uttar Pradesh,Noida,Pooja Sharma,Online Shopping Fraud,+918586720082,user46942@ybl,90632363811,PUNB0746624,499456,Victim received a call from +918586720082 claiming to be from HDFC bank asking to verify KYC via UPI PIN.
CMP-00265,2026-04-05,Delhi,Dwarka,Manoj Kapoor,Digital Arrest Scam,+917471391034,user72397@okicici,61141642429,UTIB0447596,197266,Victim received a call from +917471391034 claiming to be from Bank of Baroda bank asking to verify KYC via UPI PIN.
CMP-00013,2026-06-08,Uttar Pradesh,Kanpur,Raj Chauhan,Fake Job Offer Fraud,+918972613478,user55985@paytm,29331191390,UTIB0201414,103255,Victim was added to a Telegram investment group and asked to transfer funds to UPI ID user55985@paytm for 'guaranteed returns'.
CMP-00145,2026-04-10,Bihar,Muzaffarpur,Vikram Joshi,Online Shopping Fraud,+918668262610,user61215@okaxis,14247141682,BARB0449218,470258,"Victim clicked on a loan app link, after taking small loan started receiving harassment calls from +918668262610 for repayment to user61215@okaxis."
CMP-00132,2026-03-27,Karnataka,Hubli,Kavita Patel,Investment/Trading Scam,+918138418511,user66379@paytm,48269119969,BARB0844031,107371,"Fraudster posing as courier company called from +918138418511 claiming a parcel was seized, demanded payment to account 48269119969."
CMP-00198,2026-04-16,Bihar,Muzaffarpur,Sneha Sharma,KYC Update Scam,+919178056531,user27092@ibl,15704753177,BARB0810380,53698,"Fraudster posing as courier company called from +919178056531 claiming a parcel was seized, demanded payment to account 15704753177."
CMP-00286,2026-02-08,Gujarat,Ahmedabad,Raj Yadav,Investment/Trading Scam,+919260125176,user52666@okhdfcbank,25687639985,ICIC0597440,222657,Victim was added to a Telegram investment group and asked to transfer funds to UPI ID user52666@okhdfcbank for 'guaranteed returns'.
CMP-00196,2026-07-17,Maharashtra,Nashik,Sanjay Joshi,KYC Update Scam,+919205275444,user24291@paytm,40371314895,BARB0261630,253257,"Victim received video call from person claiming to be CBI officer, threatened digital arrest, asked for transfer to 40371314895 via IFSC BARB0261630."
CMP-00165,2026-05-23,Gujarat,Surat,Divya Verma,Online Shopping Fraud,+918895019572,user14664@paytm,99168461684,PUNB0163182,405162,Victim received a call from +918895019572 claiming to be from SBI bank asking to verify KYC via UPI PIN.
CMP-00021,2026-07-24,Rajasthan,Jaipur,Kavita Iyer,Loan App Harassment,+917866715695,user94990@ibl,83306468299,KKBK0403445,322483,Victim received a call from +917866715695 claiming to be from HDFC bank asking to verify KYC via UPI PIN.
CMP-00125,2026-04-14,Gujarat,Surat,Ajay Reddy,KYC Update Scam,+917937556789,user98216@okicici,52393364102,SBIN0938171,99946,"Victim received video call from person claiming to be CBI officer, threatened digital arrest, asked for transfer to 52393364102 via IFSC SBIN0938171."
CMP-00124,2026-04-25,Madhya Pradesh,Bhopal,Meena Iyer,OTP Fraud,+917206769988,user13747@ybl,15949447049,HDFC0143941,134809,"Victim clicked on a loan app link, after taking small loan started receiving harassment calls from +917206769988 for repayment to user13747@ybl."
CMP-00229,2026-03-12,Uttar Pradesh,Noida,Anita Reddy,UPI Fraud - Fake QR Code,+918716518371,user36983@okicici,19632734398,UTIB0635593,84475,"Victim received video call from person claiming to be CBI officer, threatened digital arrest, asked for transfer to 19632734398 via IFSC UTIB0635593."
CMP-00178,2026-05-06,Bihar,Gaya,Anita Verma,Online Shopping Fraud,+918804395800,user80153@paytm,72876914430,BARB0875520,379651,Victim was added to a Telegram investment group and asked to transfer funds to UPI ID user80153@paytm for 'guaranteed returns'.
CMP-00059,2026-04-10,Karnataka,Mysuru,Meena Verma,Digital Arrest Scam,+918114624621,user10343@ibl,74214257751,PUNB0738551,203109,Victim was added to a Telegram investment group and asked to transfer funds to UPI ID user10343@ibl for 'guaranteed returns'.
CMP-00005,2026-06-03,Delhi,New Delhi,Neha Yadav,Digital Arrest Scam,+917802439256,user85423@okicici,85553035110,SBIN0198246,84704,Victim received a call from +917802439256 claiming to be from ICICI bank asking to verify KYC via UPI PIN.
CMP-00288,2026-02-09,Bihar,Gaya,Rekha Reddy,Online Shopping Fraud,+919724678569,user30655@okicici,62417130941,HDFC0141319,124948,Victim was added to a Telegram investment group and asked to transfer funds to UPI ID user30655@okicici for 'guaranteed returns'.
CMP-00244,2026-07-29,Telangana,Hyderabad,Ravi Joshi,OTP Fraud,+918253357069,user59179@okhdfcbank,54707363258,PUNB0437226,116829,Victim was added to a Telegram investment group and asked to transfer funds to UPI ID user59179@okhdfcbank for 'guaranteed returns'.
CMP-00272,2026-06-01,Gujarat,Surat,Suresh Iyer,Fake Job Offer Fraud,+917827089736,user92449@okicici,92395685474,UTIB0494763,160411,"Victim received video call from person claiming to be CBI officer, threatened digital arrest, asked for transfer to 92395685474 via IFSC UTIB0494763."
CMP-00112,2026-06-19,Karnataka,Bengaluru,Suresh Reddy,Fake Job Offer Fraud,+919195899838,user63921@okicici,95554629125,PUNB0479404,498851,"Fraudster posing as courier company called from +919195899838 claiming a parcel was seized, demanded payment to account 95554629125."
CMP-00151,2026-04-04,Bihar,Patna,Neha Mehta,Online Shopping Fraud,+917914283149,user40538@paytm,46856881618,HDFC0823769,491527,"Fraudster posing as courier company called from +917914283149 claiming a parcel was seized, demanded payment to account 46856881618."
CMP-00185,2026-05-20,Rajasthan,Jaipur,Anita Joshi,KYC Update Scam,+917587751220,user11636@ibl,28907727084,KKBK0847332,128076,Victim received a call from +917587751220 claiming to be from Kotak bank asking to verify KYC via UPI PIN.
CMP-00295,2026-06-25,Bihar,Gaya,Deepak Singh,UPI Fraud - Fake QR Code,+918132996993,user79292@okhdfcbank,29987380851,PUNB0742686,248042,"Fake online store took payment via user79292@okhdfcbank but never delivered product, seller phone +918132996993 now unreachable."
CMP-00170,2026-05-20,Rajasthan,Jodhpur,Manoj Sharma,Digital Arrest Scam,+918892288370,user89196@paytm,40424017094,HDFC0792282,293880,"Victim received video call from person claiming to be CBI officer, threatened digital arrest, asked for transfer to 40424017094 via IFSC HDFC0792282."
CMP-00110,2026-02-17,Delhi,New Delhi,Simran Singh,Online Shopping Fraud,+917700462565,user26858@okaxis,68406284028,KKBK0682765,80838,"Fake online store took payment via user26858@okaxis but never delivered product, seller phone +917700462565 now unreachable."
CMP-00114,2026-04-21,Rajasthan,Jaipur,Neha Chauhan,Online Shopping Fraud,+918957059377,user25730@ybl,98927959968,PUNB0948343,379270,Victim received a call from +918957059377 claiming to be from HDFC bank asking to verify KYC via UPI PIN.
CMP-00179,2026-06-30,Telangana,Warangal,Kavita Patel,UPI Fraud - Fake QR Code,+917603081058,user75717@ibl,14179811669,KKBK0800674,372760,"Victim received video call from person claiming to be CBI officer, threatened digital arrest, asked for transfer to 14179811669 via IFSC KKBK0800674."
CMP-00048,2026-03-16,Delhi,Rohini,Priya Verma,Loan App Harassment,+917500892240,user91197@okhdfcbank,59509760584,PUNB0363626,3402,Victim was added to a Telegram investment group and asked to transfer funds to UPI ID user91197@okhdfcbank for 'guaranteed returns'.
CMP-00207,2026-03-14,West Bengal,Howrah,Deepak Chauhan,Digital Arrest Scam,+917459734523,user42267@ibl,16485515372,SBIN0608149,261506,"Victim received video call from person claiming to be CBI officer, threatened digital arrest, asked for transfer to 16485515372 via IFSC SBIN0608149."
CMP-00275,2026-04-27,Rajasthan,Jodhpur,Amit Joshi,KYC Update Scam,+919164451888,user79727@okicici,13803731001,UTIB0409963,373232,"Victim received video call from person claiming to be CBI officer, threatened digital arrest, asked for transfer to 13803731001 via IFSC UTIB0409963."
CMP-00279,2026-05-09,Telangana,Hyderabad,Divya Joshi,Investment/Trading Scam,+919842699220,user49077@paytm,62158048598,KKBK0995735,470107,Victim was added to a Telegram investment group and asked to transfer funds to UPI ID user49077@paytm for 'guaranteed returns'.
CMP-00213,2026-04-20,Madhya Pradesh,Bhopal,Ajay Iyer,OTP Fraud,+917479252217,user94841@okicici,60625552311,HDFC0705474,41592,"Fake online store took payment via user94841@okicici but never delivered product, seller phone +917479252217 now unreachable."
CMP-00082,2026-03-05,Uttar Pradesh,Lucknow,Raj Yadav,KYC Update Scam,+919966814117,user17275@ybl,79242068763,UTIB0946721,452052,Victim was added to a Telegram investment group and asked to transfer funds to UPI ID user17275@ybl for 'guaranteed returns'.
CMP-00259,2026-02-07,Karnataka,Bengaluru,Sneha Patel,UPI Fraud - Fake QR Code,+918460715848,user36966@okhdfcbank,43342925794,KKBK0381607,352298,Victim was added to a Telegram investment group and asked to transfer funds to UPI ID user36966@okhdfcbank for 'guaranteed returns'.
CMP-00035,2026-07-25,West Bengal,Kolkata,Neha Mehta,Sextortion,+918243345382,user80151@okaxis,14964411347,UTIB0380746,226593,"Victim clicked on a loan app link, after taking small loan started receiving harassment calls from +918243345382 for repayment to user80151@okaxis."
CMP-00267,2026-06-25,Uttar Pradesh,Lucknow,Priya Yadav,UPI Fraud - Fake QR Code,+917615867896,user31662@okicici,72915499713,PUNB0492073,374018,"Victim clicked on a loan app link, after taking small loan started receiving harassment calls from +917615867896 for repayment to user31662@okicici."
CMP-00095,2026-05-17,West Bengal,Kolkata,Ravi Rao,Digital Arrest Scam,+917317696374,user57816@okicici,17532311310,HDFC0300896,495568,"Fraudster posing as courier company called from +917317696374 claiming a parcel was seized, demanded payment to account 17532311310."
CMP-00113,2026-02-16,West Bengal,Kolkata,Ravi Kapoor,Matrimonial Fraud,+917742328030,user25819@paytm,22645127678,KKBK0665990,403765,Victim received a call from +917742328030 claiming to be from Kotak bank asking to verify KYC via UPI PIN.
CMP-00270,2026-03-11,Rajasthan,Jodhpur,Suresh Singh,UPI Fraud - Fake QR Code,+918128031432,user95743@okicici,98197057590,ICIC0128783,118051,Victim was added to a Telegram investment group and asked to transfer funds to UPI ID user95743@okicici for 'guaranteed returns'.
CMP-00163,2026-07-12,Bihar,Muzaffarpur,Deepak Iyer,Sextortion,+918758529641,user26851@ibl,66224811770,BARB0315379,425987,"Victim received video call from person claiming to be CBI officer, threatened digital arrest, asked for transfer to 66224811770 via IFSC BARB0315379."
